{"id": 2, "name": "Dan", "transactions": [{"transaction-id": 251, "amount": 8}, {"transaction-id": 685, "amount": 18}, {"transaction-id": 2798, "amount": 9}, {"transaction-id": 3405, "amount": 15}, {"transaction-id": 3953, "amount": 11}, {"transaction-id": 4110, "amount": 18}, {"transaction-id": 4228, "amount": 18}, {"transaction-id": 4239, "amount": 11}, {"transaction-id": 5396, "amount": 15}, {"transaction-id": 5465, "amount": 15}, {"transaction-id": 6688, "amount": 9}, {"transaction-id": 7269, "amount": 14}, {"transaction-id": 7650, "amount": 15}, {"transaction-id": 9243, "amount": 9}, {"transaction-id": 9413, "amount": 14}, {"transaction-id": 9967, "amount": 12}] }
