{"id": 0, "name": "Ingrid", "transactions": [{"transaction-id": 27, "amount": 3625}, {"transaction-id": 184, "amount": 3349}, {"transaction-id": 435, "amount": 3467}, {"transaction-id": 782, "amount": 3332}, {"transaction-id": 888, "amount": 3134}, {"transaction-id": 1156, "amount": 3635}, {"transaction-id": 1299, "amount": 3227}, {"transaction-id": 1763, "amount": 3259}, {"transaction-id": 2148, "amount": 3426}, {"transaction-id": 2211, "amount": 2958}, {"transaction-id": 2275, "amount": 3494}, {"transaction-id": 2598, "amount": 3236}, {"transaction-id": 2695, "amount": 3242}, {"transaction-id": 2732, "amount": 3360}, {"transaction-id": 3167, "amount": 3555}, {"transaction-id": 3201, "amount": 3128}, {"transaction-id": 3270, "amount": 3365}, {"transaction-id": 3353, "amount": 3493}, {"transaction-id": 3431, "amount": 2996}, {"transaction-id": 3488, "amount": 3364}, {"transaction-id": 4015, "amount": 3277}, {"transaction-id": 4236, "amount": 3191}, {"transaction-id": 4361, "amount": 3136}, {"transaction-id": 4487, "amount": 3323}, {"transaction-id": 4660, "amount": 3071}, {"transaction-id": 4839, "amount": 3118}, {"transaction-id": 5324, "amount": 3435}, {"transaction-id": 5834, "amount": 3306}, {"transaction-id": 5847, "amount": 3325}, {"transaction-id": 6394, "amount": 3427}, {"transaction-id": 6921, "amount": 3084}, {"transaction-id": 7076, "amount": 3055}, {"transaction-id": 7175, "amount": 3292}, {"transaction-id": 8059, "amount": 3339}, {"transaction-id": 8251, "amount": 3802}, {"transaction-id": 8403, "amount": 3596}, {"transaction-id": 8650, "amount": 3445}, {"transaction-id": 8684, "amount": 3597}]}